Comunidad autónoma,Grupo,Año,Mes,IPC
Andalucía,Alimentos y bebidas no alcohólicas,2020,Mayo,107.26
Andalucía,Alimentos y bebidas no alcohólicas,2020,Abril,107.332
Andalucía,Alimentos y bebidas no alcohólicas,2020,Marzo,105.611
Andalucía,Alimentos y bebidas no alcohólicas,2020,Febrero,105.435
Andalucía,Alimentos y bebidas no alcohólicas,2020,Enero,105.058
Andalucía,Bebidas alcohólicas y tabaco,2020,Mayo,104.339
Andalucía,Bebidas alcohólicas y tabaco,2020,Abril,104.174
Andalucía,Bebidas alcohólicas y tabaco,2020,Marzo,103.796
Andalucía,Bebidas alcohólicas y tabaco,2020,Febrero,103.636
Andalucía,Bebidas alcohólicas y tabaco,2020,Enero,103.436
Andalucía,Vestido y calzado,2020,Mayo,110.538
Andalucía,Vestido y calzado,2020,Abril,108.01
Andalucía,Vestido y calzado,2020,Marzo,97.741
Andalucía,Vestido y calzado,2020,Febrero,92.678
Andalucía,Vestido y calzado,2020,Enero,93.68
Andalucía,"Vivienda, agua, electricidad, gas y otros combustibles",2020,Mayo,98.383
Andalucía,"Vivienda, agua, electricidad, gas y otros combustibles",2020,Abril,98.125
Andalucía,"Vivienda, agua, electricidad, gas y otros combustibles",2020,Marzo,99.978
Andalucía,"Vivienda, agua, electricidad, gas y otros combustibles",2020,Febrero,101.957
Andalucía,"Vivienda, agua, electricidad, gas y otros combustibles",2020,Enero,103.149
Andalucía,"Muebles, artículos del hogar y artículos para el mantenimiento corriente del hogar",2020,Mayo,99.962
Andalucía,"Muebles, artículos del hogar y artículos para el mantenimiento corriente del hogar",2020,Abril,99.662
Andalucía,"Muebles, artículos del hogar y artículos para el mantenimiento corriente del hogar",2020,Marzo,99.318
Andalucía,"Muebles, artículos del hogar y artículos para el mantenimiento corriente del hogar",2020,Febrero,99.146
Andalucía,"Muebles, artículos del hogar y artículos para el mantenimiento corriente del hogar",2020,Enero,99.063
Andalucía,Sanidad,2020,Mayo,102.148
Andalucía,Sanidad,2020,Abril,101.949
Andalucía,Sanidad,2020,Marzo,101.902
Andalucía,Sanidad,2020,Febrero,101.752
Andalucía,Sanidad,2020,Enero,101.814
Andalucía,Transporte,2020,Mayo,101.291
Andalucía,Transporte,2020,Abril,102.164
Andalucía,Transporte,2020,Marzo,105.747
Andalucía,Transporte,2020,Febrero,109.02
Andalucía,Transporte,2020,Enero,109.68
Andalucía,Comunicaciones,2020,Mayo,105.074
Andalucía,Comunicaciones,2020,Abril,105.191
Andalucía,Comunicaciones,2020,Marzo,105.362
Andalucía,Comunicaciones,2020,Febrero,104.078
Andalucía,Comunicaciones,2020,Enero,104.085
Andalucía,Ocio y cultura,2020,Mayo,98.653
Andalucía,Ocio y cultura,2020,Abril,99.854
Andalucía,Ocio y cultura,2020,Marzo,99.187
Andalucía,Ocio y cultura,2020,Febrero,99.457
Andalucía,Ocio y cultura,2020,Enero,98.591
Andalucía,Enseñanza,2020,Mayo,104.79
Andalucía,Enseñanza,2020,Abril,104.849
Andalucía,Enseñanza,2020,Marzo,104.836
Andalucía,Enseñanza,2020,Febrero,104.836
Andalucía,Enseñanza,2020,Enero,104.836
Andalucía,Restaurantes y hoteles,2020,Mayo,107.553
Andalucía,Restaurantes y hoteles,2020,Abril,107.119
Andalucía,Restaurantes y hoteles,2020,Marzo,106.458
Andalucía,Restaurantes y hoteles,2020,Febrero,106.251
Andalucía,Restaurantes y hoteles,2020,Enero,105.319
Andalucía,Otros bienes y servicios ,2020,Mayo,103.877
Andalucía,Otros bienes y servicios ,2020,Abril,103.776
Andalucía,Otros bienes y servicios ,2020,Marzo,103.501
Andalucía,Otros bienes y servicios ,2020,Febrero,103.304
Andalucía,Otros bienes y servicios ,2020,Enero,103.153
Aragón,Alimentos y bebidas no alcohólicas,2020,Mayo,106.041
Aragón,Alimentos y bebidas no alcohólicas,2020,Abril,105.694
Aragón,Alimentos y bebidas no alcohólicas,2020,Marzo,105.335
Aragón,Alimentos y bebidas no alcohólicas,2020,Febrero,105.065
Aragón,Alimentos y bebidas no alcohólicas,2020,Enero,104.443
Aragón,Bebidas alcohólicas y tabaco,2020,Mayo,104.306
Aragón,Bebidas alcohólicas y tabaco,2020,Abril,104.224
Aragón,Bebidas alcohólicas y tabaco,2020,Marzo,104.385
Aragón,Bebidas alcohólicas y tabaco,2020,Febrero,104.352
Aragón,Bebidas alcohólicas y tabaco,2020,Enero,103.566
Aragón,Vestido y calzado,2020,Mayo,110.459
Aragón,Vestido y calzado,2020,Abril,107.142
Aragón,Vestido y calzado,2020,Marzo,96.963
Aragón,Vestido y calzado,2020,Febrero,93.753
Aragón,Vestido y calzado,2020,Enero,94.637
Aragón,"Vivienda, agua, electricidad, gas y otros combustibles",2020,Mayo,97.694
Aragón,"Vivienda, agua, electricidad, gas y otros combustibles",2020,Abril,97.776
Aragón,"Vivienda, agua, electricidad, gas y otros combustibles",2020,Marzo,100.427
Aragón,"Vivienda, agua, electricidad, gas y otros combustibles",2020,Febrero,103.074
Aragón,"Vivienda, agua, electricidad, gas y otros combustibles",2020,Enero,104.712
Aragón,"Muebles, artículos del hogar y artículos para el mantenimiento corriente del hogar",2020,Mayo,99.107
Aragón,"Muebles, artículos del hogar y artículos para el mantenimiento corriente del hogar",2020,Abril,99.065
Aragón,"Muebles, artículos del hogar y artículos para el mantenimiento corriente del hogar",2020,Marzo,98.634
Aragón,"Muebles, artículos del hogar y artículos para el mantenimiento corriente del hogar",2020,Febrero,98.146
Aragón,"Muebles, artículos del hogar y artículos para el mantenimiento corriente del hogar",2020,Enero,98.362
Aragón,Sanidad,2020,Mayo,102.918
Aragón,Sanidad,2020,Abril,102.2
Aragón,Sanidad,2020,Marzo,101.987
Aragón,Sanidad,2020,Febrero,101.866
Aragón,Sanidad,2020,Enero,101.887
Aragón,Transporte,2020,Mayo,101.013
Aragón,Transporte,2020,Abril,101.984
Aragón,Transporte,2020,Marzo,105.605
Aragón,Transporte,2020,Febrero,109.204
Aragón,Transporte,2020,Enero,110.181
Aragón,Comunicaciones,2020,Mayo,105.162
Aragón,Comunicaciones,2020,Abril,105.277
Aragón,Comunicaciones,2020,Marzo,105.448
Aragón,Comunicaciones,2020,Febrero,104.163
Aragón,Comunicaciones,2020,Enero,104.167
Aragón,Ocio y cultura,2020,Mayo,97.619
Aragón,Ocio y cultura,2020,Abril,99.294
Aragón,Ocio y cultura,2020,Marzo,98.676
Aragón,Ocio y cultura,2020,Febrero,98.772
Aragón,Ocio y cultura,2020,Enero,98.214
Aragón,Enseñanza,2020,Mayo,103.877
Aragón,Enseñanza,2020,Abril,103.877
Aragón,Enseñanza,2020,Marzo,103.868
Aragón,Enseñanza,2020,Febrero,103.868
Aragón,Enseñanza,2020,Enero,103.868
Aragón,Restaurantes y hoteles,2020,Mayo,109.468
Aragón,Restaurantes y hoteles,2020,Abril,108.978
Aragón,Restaurantes y hoteles,2020,Marzo,107.91
Aragón,Restaurantes y hoteles,2020,Febrero,108.262
Aragón,Restaurantes y hoteles,2020,Enero,107.34
Aragón,Otros bienes y servicios ,2020,Mayo,104.294
Aragón,Otros bienes y servicios ,2020,Abril,104.389
Aragón,Otros bienes y servicios ,2020,Marzo,103.935
Aragón,Otros bienes y servicios ,2020,Febrero,103.706
Aragón,Otros bienes y servicios ,2020,Enero,103.577
"Asturias, Principado de",Alimentos y bebidas no alcohólicas,2020,Mayo,105.825
"Asturias, Principado de",Alimentos y bebidas no alcohólicas,2020,Abril,106.134
"Asturias, Principado de",Alimentos y bebidas no alcohólicas,2020,Marzo,104.46
"Asturias, Principado de",Alimentos y bebidas no alcohólicas,2020,Febrero,104.033
"Asturias, Principado de",Alimentos y bebidas no alcohólicas,2020,Enero,104.422
"Asturias, Principado de",Bebidas alcohólicas y tabaco,2020,Mayo,105.059
"Asturias, Principado de",Bebidas alcohólicas y tabaco,2020,Abril,104.249
"Asturias, Principado de",Bebidas alcohólicas y tabaco,2020,Marzo,104.557
"Asturias, Principado de",Bebidas alcohólicas y tabaco,2020,Febrero,104.707
"Asturias, Principado de",Bebidas alcohólicas y tabaco,2020,Enero,103.605
"Asturias, Principado de",Vestido y calzado,2020,Mayo,111.028
"Asturias, Principado de",Vestido y calzado,2020,Abril,106.755
"Asturias, Principado de",Vestido y calzado,2020,Marzo,95.816
"Asturias, Principado de",Vestido y calzado,2020,Febrero,93.042
"Asturias, Principado de",Vestido y calzado,2020,Enero,93.686
"Asturias, Principado de","Vivienda, agua, electricidad, gas y otros combustibles",2020,Mayo,97.678
"Asturias, Principado de","Vivienda, agua, electricidad, gas y otros combustibles",2020,Abril,97.715
"Asturias, Principado de","Vivienda, agua, electricidad, gas y otros combustibles",2020,Marzo,100.205
"Asturias, Principado de","Vivienda, agua, electricidad, gas y otros combustibles",2020,Febrero,102.618
"Asturias, Principado de","Vivienda, agua, electricidad, gas y otros combustibles",2020,Enero,104.187
"Asturias, Principado de","Muebles, artículos del hogar y artículos para el mantenimiento corriente del hogar",2020,Mayo,100.847
"Asturias, Principado de","Muebles, artículos del hogar y artículos para el mantenimiento corriente del hogar",2020,Abril,100.878
"Asturias, Principado de","Muebles, artículos del hogar y artículos para el mantenimiento corriente del hogar",2020,Marzo,100.782
"Asturias, Principado de","Muebles, artículos del hogar y artículos para el mantenimiento corriente del hogar",2020,Febrero,100.255
"Asturias, Principado de","Muebles, artículos del hogar y artículos para el mantenimiento corriente del hogar",2020,Enero,99.575
"Asturias, Principado de",Sanidad,2020,Mayo,100.733
"Asturias, Principado de",Sanidad,2020,Abril,100.71
"Asturias, Principado de",Sanidad,2020,Marzo,100.663
"Asturias, Principado de",Sanidad,2020,Febrero,100.628
"Asturias, Principado de",Sanidad,2020,Enero,100.19
"Asturias, Principado de",Transporte,2020,Mayo,101.14
"Asturias, Principado de",Transporte,2020,Abril,101.701
"Asturias, Principado de",Transporte,2020,Marzo,105.171
"Asturias, Principado de",Transporte,2020,Febrero,108.66
"Asturias, Principado de",Transporte,2020,Enero,109.423
"Asturias, Principado de",Comunicaciones,2020,Mayo,104.237
"Asturias, Principado de",Comunicaciones,2020,Abril,104.373
"Asturias, Principado de",Comunicaciones,2020,Marzo,104.544
"Asturias, Principado de",Comunicaciones,2020,Febrero,103.314
"Asturias, Principado de",Comunicaciones,2020,Enero,103.35
"Asturias, Principado de",Ocio y cultura,2020,Mayo,97.193
"Asturias, Principado de",Ocio y cultura,2020,Abril,98.523
"Asturias, Principado de",Ocio y cultura,2020,Marzo,97.737
"Asturias, Principado de",Ocio y cultura,2020,Febrero,98.11
"Asturias, Principado de",Ocio y cultura,2020,Enero,97.813
"Asturias, Principado de",Enseñanza,2020,Mayo,99.609
"Asturias, Principado de",Enseñanza,2020,Abril,99.609
"Asturias, Principado de",Enseñanza,2020,Marzo,99.591
"Asturias, Principado de",Enseñanza,2020,Febrero,99.591
"Asturias, Principado de",Enseñanza,2020,Enero,99.591
"Asturias, Principado de",Restaurantes y hoteles,2020,Mayo,106.653
"Asturias, Principado de",Restaurantes y hoteles,2020,Abril,106.168
"Asturias, Principado de",Restaurantes y hoteles,2020,Marzo,105.536
"Asturias, Principado de",Restaurantes y hoteles,2020,Febrero,105.106
"Asturias, Principado de",Restaurantes y hoteles,2020,Enero,104.979
"Asturias, Principado de",Otros bienes y servicios ,2020,Mayo,105.984
"Asturias, Principado de",Otros bienes y servicios ,2020,Abril,106.161
"Asturias, Principado de",Otros bienes y servicios ,2020,Marzo,105.966
"Asturias, Principado de",Otros bienes y servicios ,2020,Febrero,105.855
"Asturias, Principado de",Otros bienes y servicios ,2020,Enero,105.397
"Balears, Illes",Alimentos y bebidas no alcohólicas,2020,Mayo,106.229
"Balears, Illes",Alimentos y bebidas no alcohólicas,2020,Abril,105.956
"Balears, Illes",Alimentos y bebidas no alcohólicas,2020,Marzo,105.449
"Balears, Illes",Alimentos y bebidas no alcohólicas,2020,Febrero,104.899
"Balears, Illes",Alimentos y bebidas no alcohólicas,2020,Enero,104.567
"Balears, Illes",Bebidas alcohólicas y tabaco,2020,Mayo,103.459
"Balears, Illes",Bebidas alcohólicas y tabaco,2020,Abril,103.189
"Balears, Illes",Bebidas alcohólicas y tabaco,2020,Marzo,103.277
"Balears, Illes",Bebidas alcohólicas y tabaco,2020,Febrero,103.248
"Balears, Illes",Bebidas alcohólicas y tabaco,2020,Enero,102.901
"Balears, Illes",Vestido y calzado,2020,Mayo,110.175
"Balears, Illes",Vestido y calzado,2020,Abril,105.968
"Balears, Illes",Vestido y calzado,2020,Marzo,97.765
"Balears, Illes",Vestido y calzado,2020,Febrero,94.291
"Balears, Illes",Vestido y calzado,2020,Enero,96.344
"Balears, Illes","Vivienda, agua, electricidad, gas y otros combustibles",2020,Mayo,100.221
"Balears, Illes","Vivienda, agua, electricidad, gas y otros combustibles",2020,Abril,100.065
"Balears, Illes","Vivienda, agua, electricidad, gas y otros combustibles",2020,Marzo,101.798
"Balears, Illes","Vivienda, agua, electricidad, gas y otros combustibles",2020,Febrero,103.503
"Balears, Illes","Vivienda, agua, electricidad, gas y otros combustibles",2020,Enero,104.772
"Balears, Illes","Muebles, artículos del hogar y artículos para el mantenimiento corriente del hogar",2020,Mayo,100.344
"Balears, Illes","Muebles, artículos del hogar y artículos para el mantenimiento corriente del hogar",2020,Abril,100.74
"Balears, Illes","Muebles, artículos del hogar y artículos para el mantenimiento corriente del hogar",2020,Marzo,100.677
"Balears, Illes","Muebles, artículos del hogar y artículos para el mantenimiento corriente del hogar",2020,Febrero,100.293
"Balears, Illes","Muebles, artículos del hogar y artículos para el mantenimiento corriente del hogar",2020,Enero,100.208
"Balears, Illes",Sanidad,2020,Mayo,101.172
"Balears, Illes",Sanidad,2020,Abril,101.22
"Balears, Illes",Sanidad,2020,Marzo,101.182
"Balears, Illes",Sanidad,2020,Febrero,100.042
"Balears, Illes",Sanidad,2020,Enero,100.258
"Balears, Illes",Transporte,2020,Mayo,100.466
"Balears, Illes",Transporte,2020,Abril,101.137
"Balears, Illes",Transporte,2020,Marzo,103.939
"Balears, Illes",Transporte,2020,Febrero,107.101
"Balears, Illes",Transporte,2020,Enero,107.38
"Balears, Illes",Comunicaciones,2020,Mayo,106.137
"Balears, Illes",Comunicaciones,2020,Abril,106.229
"Balears, Illes",Comunicaciones,2020,Marzo,106.4
"Balears, Illes",Comunicaciones,2020,Febrero,105.044
"Balears, Illes",Comunicaciones,2020,Enero,105.011
"Balears, Illes",Ocio y cultura,2020,Mayo,98.889
"Balears, Illes",Ocio y cultura,2020,Abril,99.852
"Balears, Illes",Ocio y cultura,2020,Marzo,99.395
"Balears, Illes",Ocio y cultura,2020,Febrero,99.534
"Balears, Illes",Ocio y cultura,2020,Enero,99.438
"Balears, Illes",Enseñanza,2020,Mayo,105.125
"Balears, Illes",Enseñanza,2020,Abril,105.125
"Balears, Illes",Enseñanza,2020,Marzo,105.117
"Balears, Illes",Enseñanza,2020,Febrero,105.117
"Balears, Illes",Enseñanza,2020,Enero,105.117
"Balears, Illes",Restaurantes y hoteles,2020,Mayo,108.468
"Balears, Illes",Restaurantes y hoteles,2020,Abril,108.053
"Balears, Illes",Restaurantes y hoteles,2020,Marzo,107.429
"Balears, Illes",Restaurantes y hoteles,2020,Febrero,107.044
"Balears, Illes",Restaurantes y hoteles,2020,Enero,106.642
"Balears, Illes",Otros bienes y servicios ,2020,Mayo,105.325
"Balears, Illes",Otros bienes y servicios ,2020,Abril,105.259
"Balears, Illes",Otros bienes y servicios ,2020,Marzo,105.007
"Balears, Illes",Otros bienes y servicios ,2020,Febrero,104.923
"Balears, Illes",Otros bienes y servicios ,2020,Enero,104.533
Canarias,Alimentos y bebidas no alcohólicas,2020,Mayo,106.183
Canarias,Alimentos y bebidas no alcohólicas,2020,Abril,106.066
Canarias,Alimentos y bebidas no alcohólicas,2020,Marzo,105.856
Canarias,Alimentos y bebidas no alcohólicas,2020,Febrero,105.622
Canarias,Alimentos y bebidas no alcohólicas,2020,Enero,105.389
Canarias,Bebidas alcohólicas y tabaco,2020,Mayo,118.69
Canarias,Bebidas alcohólicas y tabaco,2020,Abril,118.571
Canarias,Bebidas alcohólicas y tabaco,2020,Marzo,118.868
Canarias,Bebidas alcohólicas y tabaco,2020,Febrero,117.685
Canarias,Bebidas alcohólicas y tabaco,2020,Enero,116.19
Canarias,Vestido y calzado,2020,Mayo,111.108
Canarias,Vestido y calzado,2020,Abril,108.705
Canarias,Vestido y calzado,2020,Marzo,97.336
Canarias,Vestido y calzado,2020,Febrero,91.418
Canarias,Vestido y calzado,2020,Enero,93.234
Canarias,"Vivienda, agua, electricidad, gas y otros combustibles",2020,Mayo,99.291
Canarias,"Vivienda, agua, electricidad, gas y otros combustibles",2020,Abril,99.132
Canarias,"Vivienda, agua, electricidad, gas y otros combustibles",2020,Marzo,100.459
Canarias,"Vivienda, agua, electricidad, gas y otros combustibles",2020,Febrero,101.869
Canarias,"Vivienda, agua, electricidad, gas y otros combustibles",2020,Enero,102.675
Canarias,"Muebles, artículos del hogar y artículos para el mantenimiento corriente del hogar",2020,Mayo,98.667
Canarias,"Muebles, artículos del hogar y artículos para el mantenimiento corriente del hogar",2020,Abril,98.729
Canarias,"Muebles, artículos del hogar y artículos para el mantenimiento corriente del hogar",2020,Marzo,98.028
Canarias,"Muebles, artículos del hogar y artículos para el mantenimiento corriente del hogar",2020,Febrero,97.962
Canarias,"Muebles, artículos del hogar y artículos para el mantenimiento corriente del hogar",2020,Enero,97.914
Canarias,Sanidad,2020,Mayo,100.323
Canarias,Sanidad,2020,Abril,100.275
Canarias,Sanidad,2020,Marzo,100.224
Canarias,Sanidad,2020,Febrero,100.218
Canarias,Sanidad,2020,Enero,100.29
Canarias,Transporte,2020,Mayo,105.817
Canarias,Transporte,2020,Abril,106.875
Canarias,Transporte,2020,Marzo,108.579
Canarias,Transporte,2020,Febrero,110.113
Canarias,Transporte,2020,Enero,109.81
Canarias,Comunicaciones,2020,Mayo,104.871
Canarias,Comunicaciones,2020,Abril,104.992
Canarias,Comunicaciones,2020,Marzo,105.163
Canarias,Comunicaciones,2020,Febrero,103.889
Canarias,Comunicaciones,2020,Enero,103.902
Canarias,Ocio y cultura,2020,Mayo,97.686
Canarias,Ocio y cultura,2020,Abril,98.867
Canarias,Ocio y cultura,2020,Marzo,97.914
Canarias,Ocio y cultura,2020,Febrero,98.371
Canarias,Ocio y cultura,2020,Enero,97.893
Canarias,Enseñanza,2020,Mayo,100.905
Canarias,Enseñanza,2020,Abril,101.032
Canarias,Enseñanza,2020,Marzo,101.021
Canarias,Enseñanza,2020,Febrero,101.022
Canarias,Enseñanza,2020,Enero,101.022
Canarias,Restaurantes y hoteles,2020,Mayo,108.149
Canarias,Restaurantes y hoteles,2020,Abril,107.53
Canarias,Restaurantes y hoteles,2020,Marzo,106.963
Canarias,Restaurantes y hoteles,2020,Febrero,107.08
Canarias,Restaurantes y hoteles,2020,Enero,106.756
Canarias,Otros bienes y servicios ,2020,Mayo,103.802
Canarias,Otros bienes y servicios ,2020,Abril,103.462
Canarias,Otros bienes y servicios ,2020,Marzo,103.445
Canarias,Otros bienes y servicios ,2020,Febrero,103.413
Canarias,Otros bienes y servicios ,2020,Enero,102.665
Cantabria,Alimentos y bebidas no alcohólicas,2020,Mayo,106.718
Cantabria,Alimentos y bebidas no alcohólicas,2020,Abril,106.898
Cantabria,Alimentos y bebidas no alcohólicas,2020,Marzo,105.193
Cantabria,Alimentos y bebidas no alcohólicas,2020,Febrero,105.107
Cantabria,Alimentos y bebidas no alcohólicas,2020,Enero,104.224
Cantabria,Bebidas alcohólicas y tabaco,2020,Mayo,104.21
Cantabria,Bebidas alcohólicas y tabaco,2020,Abril,104.006
Cantabria,Bebidas alcohólicas y tabaco,2020,Marzo,104.119
Cantabria,Bebidas alcohólicas y tabaco,2020,Febrero,104.108
Cantabria,Bebidas alcohólicas y tabaco,2020,Enero,103.739
Cantabria,Vestido y calzado,2020,Mayo,108.784
Cantabria,Vestido y calzado,2020,Abril,104.504
Cantabria,Vestido y calzado,2020,Marzo,96.872
Cantabria,Vestido y calzado,2020,Febrero,94.552
Cantabria,Vestido y calzado,2020,Enero,97.936
Cantabria,"Vivienda, agua, electricidad, gas y otros combustibles",2020,Mayo,97.667
Cantabria,"Vivienda, agua, electricidad, gas y otros combustibles",2020,Abril,97.698
Cantabria,"Vivienda, agua, electricidad, gas y otros combustibles",2020,Marzo,99.726
Cantabria,"Vivienda, agua, electricidad, gas y otros combustibles",2020,Febrero,101.677
Cantabria,"Vivienda, agua, electricidad, gas y otros combustibles",2020,Enero,102.962
Cantabria,"Muebles, artículos del hogar y artículos para el mantenimiento corriente del hogar",2020,Mayo,100.329
Cantabria,"Muebles, artículos del hogar y artículos para el mantenimiento corriente del hogar",2020,Abril,99.949
Cantabria,"Muebles, artículos del hogar y artículos para el mantenimiento corriente del hogar",2020,Marzo,99.507
Cantabria,"Muebles, artículos del hogar y artículos para el mantenimiento corriente del hogar",2020,Febrero,99.175
Cantabria,"Muebles, artículos del hogar y artículos para el mantenimiento corriente del hogar",2020,Enero,99.153
Cantabria,Sanidad,2020,Mayo,103.825
Cantabria,Sanidad,2020,Abril,103.941
Cantabria,Sanidad,2020,Marzo,103.901
Cantabria,Sanidad,2020,Febrero,103.896
Cantabria,Sanidad,2020,Enero,103.647
Cantabria,Transporte,2020,Mayo,103.906
Cantabria,Transporte,2020,Abril,104.61
Cantabria,Transporte,2020,Marzo,108.251
Cantabria,Transporte,2020,Febrero,112.231
Cantabria,Transporte,2020,Enero,113.443
Cantabria,Comunicaciones,2020,Mayo,106.562
Cantabria,Comunicaciones,2020,Abril,106.646
Cantabria,Comunicaciones,2020,Marzo,106.816
Cantabria,Comunicaciones,2020,Febrero,105.454
Cantabria,Comunicaciones,2020,Enero,105.41
Cantabria,Ocio y cultura,2020,Mayo,96.602
Cantabria,Ocio y cultura,2020,Abril,98.598
Cantabria,Ocio y cultura,2020,Marzo,97.737
Cantabria,Ocio y cultura,2020,Febrero,97.561
Cantabria,Ocio y cultura,2020,Enero,96.851
Cantabria,Enseñanza,2020,Mayo,102.509
Cantabria,Enseñanza,2020,Abril,102.479
Cantabria,Enseñanza,2020,Marzo,102.469
Cantabria,Enseñanza,2020,Febrero,102.469
Cantabria,Enseñanza,2020,Enero,102.463
Cantabria,Restaurantes y hoteles,2020,Mayo,107.55
Cantabria,Restaurantes y hoteles,2020,Abril,107.128
Cantabria,Restaurantes y hoteles,2020,Marzo,106.49
Cantabria,Restaurantes y hoteles,2020,Febrero,106.252
Cantabria,Restaurantes y hoteles,2020,Enero,106.101
Cantabria,Otros bienes y servicios ,2020,Mayo,104.204
Cantabria,Otros bienes y servicios ,2020,Abril,104.253
Cantabria,Otros bienes y servicios ,2020,Marzo,103.678
Cantabria,Otros bienes y servicios ,2020,Febrero,103.742
Cantabria,Otros bienes y servicios ,2020,Enero,102.456
Castilla y León,Alimentos y bebidas no alcohólicas,2020,Mayo,107.402
Castilla y León,Alimentos y bebidas no alcohólicas,2020,Abril,107.406
Castilla y León,Alimentos y bebidas no alcohólicas,2020,Marzo,105.91
Castilla y León,Alimentos y bebidas no alcohólicas,2020,Febrero,105.773
Castilla y León,Alimentos y bebidas no alcohólicas,2020,Enero,105.516
Castilla y León,Bebidas alcohólicas y tabaco,2020,Mayo,104.857
Castilla y León,Bebidas alcohólicas y tabaco,2020,Abril,104.741
Castilla y León,Bebidas alcohólicas y tabaco,2020,Marzo,104.612
Castilla y León,Bebidas alcohólicas y tabaco,2020,Febrero,104.592
Castilla y León,Bebidas alcohólicas y tabaco,2020,Enero,103.837
Castilla y León,Vestido y calzado,2020,Mayo,109.456
Castilla y León,Vestido y calzado,2020,Abril,106.846
Castilla y León,Vestido y calzado,2020,Marzo,97.691
Castilla y León,Vestido y calzado,2020,Febrero,93.837
Castilla y León,Vestido y calzado,2020,Enero,95.105
Castilla y León,"Vivienda, agua, electricidad, gas y otros combustibles",2020,Mayo,96.836
Castilla y León,"Vivienda, agua, electricidad, gas y otros combustibles",2020,Abril,97.13
Castilla y León,"Vivienda, agua, electricidad, gas y otros combustibles",2020,Marzo,100.308
Castilla y León,"Vivienda, agua, electricidad, gas y otros combustibles",2020,Febrero,103.334
Castilla y León,"Vivienda, agua, electricidad, gas y otros combustibles",2020,Enero,105.118
Castilla y León,"Muebles, artículos del hogar y artículos para el mantenimiento corriente del hogar",2020,Mayo,101.762
Castilla y León,"Muebles, artículos del hogar y artículos para el mantenimiento corriente del hogar",2020,Abril,101.587
Castilla y León,"Muebles, artículos del hogar y artículos para el mantenimiento corriente del hogar",2020,Marzo,101.098
Castilla y León,"Muebles, artículos del hogar y artículos para el mantenimiento corriente del hogar",2020,Febrero,100.967
Castilla y León,"Muebles, artículos del hogar y artículos para el mantenimiento corriente del hogar",2020,Enero,100.56
Castilla y León,Sanidad,2020,Mayo,102.212
Castilla y León,Sanidad,2020,Abril,102.292
Castilla y León,Sanidad,2020,Marzo,102.25
Castilla y León,Sanidad,2020,Febrero,102.09
Castilla y León,Sanidad,2020,Enero,102.042
Castilla y León,Transporte,2020,Mayo,103.333
Castilla y León,Transporte,2020,Abril,104.131
Castilla y León,Transporte,2020,Marzo,107.636
Castilla y León,Transporte,2020,Febrero,111.239
Castilla y León,Transporte,2020,Enero,112.252
Castilla y León,Comunicaciones,2020,Mayo,105.011
Castilla y León,Comunicaciones,2020,Abril,105.13
Castilla y León,Comunicaciones,2020,Marzo,105.301
Castilla y León,Comunicaciones,2020,Febrero,104.028
Castilla y León,Comunicaciones,2020,Enero,104.038
Castilla y León,Ocio y cultura,2020,Mayo,98.602
Castilla y León,Ocio y cultura,2020,Abril,100.182
Castilla y León,Ocio y cultura,2020,Marzo,99.364
Castilla y León,Ocio y cultura,2020,Febrero,99.692
Castilla y León,Ocio y cultura,2020,Enero,99.294
Castilla y León,Enseñanza,2020,Mayo,100.416
Castilla y León,Enseñanza,2020,Abril,100.416
Castilla y León,Enseñanza,2020,Marzo,100.406
Castilla y León,Enseñanza,2020,Febrero,100.406
Castilla y León,Enseñanza,2020,Enero,100.406
Castilla y León,Restaurantes y hoteles,2020,Mayo,107.942
Castilla y León,Restaurantes y hoteles,2020,Abril,107.356
Castilla y León,Restaurantes y hoteles,2020,Marzo,106.353
Castilla y León,Restaurantes y hoteles,2020,Febrero,106.023
Castilla y León,Restaurantes y hoteles,2020,Enero,105.262
Castilla y León,Otros bienes y servicios ,2020,Mayo,104.099
Castilla y León,Otros bienes y servicios ,2020,Abril,103.893
Castilla y León,Otros bienes y servicios ,2020,Marzo,103.667
Castilla y León,Otros bienes y servicios ,2020,Febrero,103.593
Castilla y León,Otros bienes y servicios ,2020,Enero,103.181
Castilla - La Mancha,Alimentos y bebidas no alcohólicas,2020,Mayo,107.879
Castilla - La Mancha,Alimentos y bebidas no alcohólicas,2020,Abril,108.035
Castilla - La Mancha,Alimentos y bebidas no alcohólicas,2020,Marzo,106.7
Castilla - La Mancha,Alimentos y bebidas no alcohólicas,2020,Febrero,106.511
Castilla - La Mancha,Alimentos y bebidas no alcohólicas,2020,Enero,105.936
Castilla - La Mancha,Bebidas alcohólicas y tabaco,2020,Mayo,104.79
Castilla - La Mancha,Bebidas alcohólicas y tabaco,2020,Abril,104.825
Castilla - La Mancha,Bebidas alcohólicas y tabaco,2020,Marzo,104.651
Castilla - La Mancha,Bebidas alcohólicas y tabaco,2020,Febrero,104.703
Castilla - La Mancha,Bebidas alcohólicas y tabaco,2020,Enero,104.282
Castilla - La Mancha,Vestido y calzado,2020,Mayo,109.22
Castilla - La Mancha,Vestido y calzado,2020,Abril,107.673
Castilla - La Mancha,Vestido y calzado,2020,Marzo,97.579
Castilla - La Mancha,Vestido y calzado,2020,Febrero,92.976
Castilla - La Mancha,Vestido y calzado,2020,Enero,94.873
Castilla - La Mancha,"Vivienda, agua, electricidad, gas y otros combustibles",2020,Mayo,96.06
Castilla - La Mancha,"Vivienda, agua, electricidad, gas y otros combustibles",2020,Abril,96.45
Castilla - La Mancha,"Vivienda, agua, electricidad, gas y otros combustibles",2020,Marzo,100.21
Castilla - La Mancha,"Vivienda, agua, electricidad, gas y otros combustibles",2020,Febrero,103.939
Castilla - La Mancha,"Vivienda, agua, electricidad, gas y otros combustibles",2020,Enero,106.017
Castilla - La Mancha,"Muebles, artículos del hogar y artículos para el mantenimiento corriente del hogar",2020,Mayo,100.227
Castilla - La Mancha,"Muebles, artículos del hogar y artículos para el mantenimiento corriente del hogar",2020,Abril,100.03
Castilla - La Mancha,"Muebles, artículos del hogar y artículos para el mantenimiento corriente del hogar",2020,Marzo,99.661
Castilla - La Mancha,"Muebles, artículos del hogar y artículos para el mantenimiento corriente del hogar",2020,Febrero,99.597
Castilla - La Mancha,"Muebles, artículos del hogar y artículos para el mantenimiento corriente del hogar",2020,Enero,99.478
Castilla - La Mancha,Sanidad,2020,Mayo,102.016
Castilla - La Mancha,Sanidad,2020,Abril,101.554
Castilla - La Mancha,Sanidad,2020,Marzo,101.556
Castilla - La Mancha,Sanidad,2020,Febrero,101.552
Castilla - La Mancha,Sanidad,2020,Enero,101.581
Castilla - La Mancha,Transporte,2020,Mayo,101.409
Castilla - La Mancha,Transporte,2020,Abril,102.161
Castilla - La Mancha,Transporte,2020,Marzo,105.884
Castilla - La Mancha,Transporte,2020,Febrero,109.481
Castilla - La Mancha,Transporte,2020,Enero,110.282
Castilla - La Mancha,Comunicaciones,2020,Mayo,105.798
Castilla - La Mancha,Comunicaciones,2020,Abril,105.898
Castilla - La Mancha,Comunicaciones,2020,Marzo,106.069
Castilla - La Mancha,Comunicaciones,2020,Febrero,104.736
Castilla - La Mancha,Comunicaciones,2020,Enero,104.715
Castilla - La Mancha,Ocio y cultura,2020,Mayo,97.15
Castilla - La Mancha,Ocio y cultura,2020,Abril,98.565
Castilla - La Mancha,Ocio y cultura,2020,Marzo,97.919
Castilla - La Mancha,Ocio y cultura,2020,Febrero,98.465
Castilla - La Mancha,Ocio y cultura,2020,Enero,97.916
Castilla - La Mancha,Enseñanza,2020,Mayo,103.966
Castilla - La Mancha,Enseñanza,2020,Abril,103.966
Castilla - La Mancha,Enseñanza,2020,Marzo,103.955
Castilla - La Mancha,Enseñanza,2020,Febrero,103.955
Castilla - La Mancha,Enseñanza,2020,Enero,103.954
Castilla - La Mancha,Restaurantes y hoteles,2020,Mayo,107.802
Castilla - La Mancha,Restaurantes y hoteles,2020,Abril,107.405
Castilla - La Mancha,Restaurantes y hoteles,2020,Marzo,106.579
Castilla - La Mancha,Restaurantes y hoteles,2020,Febrero,106.355
Castilla - La Mancha,Restaurantes y hoteles,2020,Enero,105.643
Castilla - La Mancha,Otros bienes y servicios ,2020,Mayo,104.276
Castilla - La Mancha,Otros bienes y servicios ,2020,Abril,103.86
Castilla - La Mancha,Otros bienes y servicios ,2020,Marzo,103.835
Castilla - La Mancha,Otros bienes y servicios ,2020,Febrero,103.778
Castilla - La Mancha,Otros bienes y servicios ,2020,Enero,103.626
Cataluña,Alimentos y bebidas no alcohólicas,2020,Mayo,108.695
Cataluña,Alimentos y bebidas no alcohólicas,2020,Abril,108.698
Cataluña,Alimentos y bebidas no alcohólicas,2020,Marzo,107.087
Cataluña,Alimentos y bebidas no alcohólicas,2020,Febrero,107.068
Cataluña,Alimentos y bebidas no alcohólicas,2020,Enero,106.74
Cataluña,Bebidas alcohólicas y tabaco,2020,Mayo,105.454
Cataluña,Bebidas alcohólicas y tabaco,2020,Abril,105.405
Cataluña,Bebidas alcohólicas y tabaco,2020,Marzo,105.025
Cataluña,Bebidas alcohólicas y tabaco,2020,Febrero,105.068
Cataluña,Bebidas alcohólicas y tabaco,2020,Enero,104.608
Cataluña,Vestido y calzado,2020,Mayo,110.77
Cataluña,Vestido y calzado,2020,Abril,107.536
Cataluña,Vestido y calzado,2020,Marzo,97.453
Cataluña,Vestido y calzado,2020,Febrero,93.707
Cataluña,Vestido y calzado,2020,Enero,95.821
Cataluña,"Vivienda, agua, electricidad, gas y otros combustibles",2020,Mayo,98.996
Cataluña,"Vivienda, agua, electricidad, gas y otros combustibles",2020,Abril,98.963
Cataluña,"Vivienda, agua, electricidad, gas y otros combustibles",2020,Marzo,100.723
Cataluña,"Vivienda, agua, electricidad, gas y otros combustibles",2020,Febrero,102.526
Cataluña,"Vivienda, agua, electricidad, gas y otros combustibles",2020,Enero,103.673
Cataluña,"Muebles, artículos del hogar y artículos para el mantenimiento corriente del hogar",2020,Mayo,102.745
Cataluña,"Muebles, artículos del hogar y artículos para el mantenimiento corriente del hogar",2020,Abril,102.419
Cataluña,"Muebles, artículos del hogar y artículos para el mantenimiento corriente del hogar",2020,Marzo,102.144
Cataluña,"Muebles, artículos del hogar y artículos para el mantenimiento corriente del hogar",2020,Febrero,101.887
Cataluña,"Muebles, artículos del hogar y artículos para el mantenimiento corriente del hogar",2020,Enero,101.867
Cataluña,Sanidad,2020,Mayo,102.916
Cataluña,Sanidad,2020,Abril,102.784
Cataluña,Sanidad,2020,Marzo,102.74
Cataluña,Sanidad,2020,Febrero,102.945
Cataluña,Sanidad,2020,Enero,102.832
Cataluña,Transporte,2020,Mayo,101.591
Cataluña,Transporte,2020,Abril,102.434
Cataluña,Transporte,2020,Marzo,106.149
Cataluña,Transporte,2020,Febrero,109.844
Cataluña,Transporte,2020,Enero,110.784
Cataluña,Comunicaciones,2020,Mayo,104.559
Cataluña,Comunicaciones,2020,Abril,104.688
Cataluña,Comunicaciones,2020,Marzo,104.859
Cataluña,Comunicaciones,2020,Febrero,103.605
Cataluña,Comunicaciones,2020,Enero,103.629
Cataluña,Ocio y cultura,2020,Mayo,99.695
Cataluña,Ocio y cultura,2020,Abril,101.474
Cataluña,Ocio y cultura,2020,Marzo,100.524
Cataluña,Ocio y cultura,2020,Febrero,100.89
Cataluña,Ocio y cultura,2020,Enero,99.659
Cataluña,Enseñanza,2020,Mayo,103.619
Cataluña,Enseñanza,2020,Abril,103.619
Cataluña,Enseñanza,2020,Marzo,103.611
Cataluña,Enseñanza,2020,Febrero,103.611
Cataluña,Enseñanza,2020,Enero,103.617
Cataluña,Restaurantes y hoteles,2020,Mayo,108.626
Cataluña,Restaurantes y hoteles,2020,Abril,108.204
Cataluña,Restaurantes y hoteles,2020,Marzo,107.464
Cataluña,Restaurantes y hoteles,2020,Febrero,106.926
Cataluña,Restaurantes y hoteles,2020,Enero,105.833
Cataluña,Otros bienes y servicios ,2020,Mayo,106.446
Cataluña,Otros bienes y servicios ,2020,Abril,106.312
Cataluña,Otros bienes y servicios ,2020,Marzo,106.007
Cataluña,Otros bienes y servicios ,2020,Febrero,105.964
Cataluña,Otros bienes y servicios ,2020,Enero,105.444
Comunitat Valenciana,Alimentos y bebidas no alcohólicas,2020,Mayo,107.333
Comunitat Valenciana,Alimentos y bebidas no alcohólicas,2020,Abril,107.102
Comunitat Valenciana,Alimentos y bebidas no alcohólicas,2020,Marzo,105.373
Comunitat Valenciana,Alimentos y bebidas no alcohólicas,2020,Febrero,105.421
Comunitat Valenciana,Alimentos y bebidas no alcohólicas,2020,Enero,105.006
Comunitat Valenciana,Bebidas alcohólicas y tabaco,2020,Mayo,103.987
Comunitat Valenciana,Bebidas alcohólicas y tabaco,2020,Abril,103.914
Comunitat Valenciana,Bebidas alcohólicas y tabaco,2020,Marzo,103.888
Comunitat Valenciana,Bebidas alcohólicas y tabaco,2020,Febrero,103.933
Comunitat Valenciana,Bebidas alcohólicas y tabaco,2020,Enero,103.687
Comunitat Valenciana,Vestido y calzado,2020,Mayo,111.834
Comunitat Valenciana,Vestido y calzado,2020,Abril,109.026
Comunitat Valenciana,Vestido y calzado,2020,Marzo,96.635
Comunitat Valenciana,Vestido y calzado,2020,Febrero,93.243
Comunitat Valenciana,Vestido y calzado,2020,Enero,94.958
Comunitat Valenciana,"Vivienda, agua, electricidad, gas y otros combustibles",2020,Mayo,97.383
Comunitat Valenciana,"Vivienda, agua, electricidad, gas y otros combustibles",2020,Abril,97.137
Comunitat Valenciana,"Vivienda, agua, electricidad, gas y otros combustibles",2020,Marzo,99.298
Comunitat Valenciana,"Vivienda, agua, electricidad, gas y otros combustibles",2020,Febrero,101.47
Comunitat Valenciana,"Vivienda, agua, electricidad, gas y otros combustibles",2020,Enero,102.798
Comunitat Valenciana,"Muebles, artículos del hogar y artículos para el mantenimiento corriente del hogar",2020,Mayo,100.578
Comunitat Valenciana,"Muebles, artículos del hogar y artículos para el mantenimiento corriente del hogar",2020,Abril,100.4
Comunitat Valenciana,"Muebles, artículos del hogar y artículos para el mantenimiento corriente del hogar",2020,Marzo,100.067
Comunitat Valenciana,"Muebles, artículos del hogar y artículos para el mantenimiento corriente del hogar",2020,Febrero,99.724
Comunitat Valenciana,"Muebles, artículos del hogar y artículos para el mantenimiento corriente del hogar",2020,Enero,99.829
Comunitat Valenciana,Sanidad,2020,Mayo,102.64
Comunitat Valenciana,Sanidad,2020,Abril,102.73
Comunitat Valenciana,Sanidad,2020,Marzo,102.688
Comunitat Valenciana,Sanidad,2020,Febrero,102.577
Comunitat Valenciana,Sanidad,2020,Enero,102.538
Comunitat Valenciana,Transporte,2020,Mayo,100.945
Comunitat Valenciana,Transporte,2020,Abril,101.754
Comunitat Valenciana,Transporte,2020,Marzo,105.37
Comunitat Valenciana,Transporte,2020,Febrero,109.003
Comunitat Valenciana,Transporte,2020,Enero,109.928
Comunitat Valenciana,Comunicaciones,2020,Mayo,103.575
Comunitat Valenciana,Comunicaciones,2020,Abril,103.725
Comunitat Valenciana,Comunicaciones,2020,Marzo,103.897
Comunitat Valenciana,Comunicaciones,2020,Febrero,102.696
Comunitat Valenciana,Comunicaciones,2020,Enero,102.753
Comunitat Valenciana,Ocio y cultura,2020,Mayo,99.466
Comunitat Valenciana,Ocio y cultura,2020,Abril,100.898
Comunitat Valenciana,Ocio y cultura,2020,Marzo,100.007
Comunitat Valenciana,Ocio y cultura,2020,Febrero,100.326
Comunitat Valenciana,Ocio y cultura,2020,Enero,99.962
Comunitat Valenciana,Enseñanza,2020,Mayo,102.325
Comunitat Valenciana,Enseñanza,2020,Abril,102.325
Comunitat Valenciana,Enseñanza,2020,Marzo,102.31
Comunitat Valenciana,Enseñanza,2020,Febrero,102.31
Comunitat Valenciana,Enseñanza,2020,Enero,102.442
Comunitat Valenciana,Restaurantes y hoteles,2020,Mayo,108.047
Comunitat Valenciana,Restaurantes y hoteles,2020,Abril,107.624
Comunitat Valenciana,Restaurantes y hoteles,2020,Marzo,106.996
Comunitat Valenciana,Restaurantes y hoteles,2020,Febrero,106.606
Comunitat Valenciana,Restaurantes y hoteles,2020,Enero,106.114
Comunitat Valenciana,Otros bienes y servicios ,2020,Mayo,104.219
Comunitat Valenciana,Otros bienes y servicios ,2020,Abril,103.846
Comunitat Valenciana,Otros bienes y servicios ,2020,Marzo,103.758
Comunitat Valenciana,Otros bienes y servicios ,2020,Febrero,103.606
Comunitat Valenciana,Otros bienes y servicios ,2020,Enero,103.509
Extremadura,Alimentos y bebidas no alcohólicas,2020,Mayo,106.6
Extremadura,Alimentos y bebidas no alcohólicas,2020,Abril,106.678
Extremadura,Alimentos y bebidas no alcohólicas,2020,Marzo,104.572
Extremadura,Alimentos y bebidas no alcohólicas,2020,Febrero,104.494
Extremadura,Alimentos y bebidas no alcohólicas,2020,Enero,104.163
Extremadura,Bebidas alcohólicas y tabaco,2020,Mayo,104.728
Extremadura,Bebidas alcohólicas y tabaco,2020,Abril,104.503
Extremadura,Bebidas alcohólicas y tabaco,2020,Marzo,104.019
Extremadura,Bebidas alcohólicas y tabaco,2020,Febrero,103.947
Extremadura,Bebidas alcohólicas y tabaco,2020,Enero,103.968
Extremadura,Vestido y calzado,2020,Mayo,109.881
Extremadura,Vestido y calzado,2020,Abril,109.261
Extremadura,Vestido y calzado,2020,Marzo,96.369
Extremadura,Vestido y calzado,2020,Febrero,92.03
Extremadura,Vestido y calzado,2020,Enero,93.344
Extremadura,"Vivienda, agua, electricidad, gas y otros combustibles",2020,Mayo,96.94
Extremadura,"Vivienda, agua, electricidad, gas y otros combustibles",2020,Abril,96.752
Extremadura,"Vivienda, agua, electricidad, gas y otros combustibles",2020,Marzo,99.029
Extremadura,"Vivienda, agua, electricidad, gas y otros combustibles",2020,Febrero,101.244
Extremadura,"Vivienda, agua, electricidad, gas y otros combustibles",2020,Enero,102.585
Extremadura,"Muebles, artículos del hogar y artículos para el mantenimiento corriente del hogar",2020,Mayo,100.473
Extremadura,"Muebles, artículos del hogar y artículos para el mantenimiento corriente del hogar",2020,Abril,100.351
Extremadura,"Muebles, artículos del hogar y artículos para el mantenimiento corriente del hogar",2020,Marzo,99.924
Extremadura,"Muebles, artículos del hogar y artículos para el mantenimiento corriente del hogar",2020,Febrero,99.67
Extremadura,"Muebles, artículos del hogar y artículos para el mantenimiento corriente del hogar",2020,Enero,99.506
Extremadura,Sanidad,2020,Mayo,100.927
Extremadura,Sanidad,2020,Abril,100.833
Extremadura,Sanidad,2020,Marzo,100.785
Extremadura,Sanidad,2020,Febrero,100.791
Extremadura,Sanidad,2020,Enero,100.753
Extremadura,Transporte,2020,Mayo,101.531
Extremadura,Transporte,2020,Abril,102.371
Extremadura,Transporte,2020,Marzo,106.027
Extremadura,Transporte,2020,Febrero,109.724
Extremadura,Transporte,2020,Enero,110.652
Extremadura,Comunicaciones,2020,Mayo,104.14
Extremadura,Comunicaciones,2020,Abril,104.278
Extremadura,Comunicaciones,2020,Marzo,104.449
Extremadura,Comunicaciones,2020,Febrero,103.218
Extremadura,Comunicaciones,2020,Enero,103.256
Extremadura,Ocio y cultura,2020,Mayo,98.133
Extremadura,Ocio y cultura,2020,Abril,100.141
Extremadura,Ocio y cultura,2020,Marzo,98.877
Extremadura,Ocio y cultura,2020,Febrero,99.488
Extremadura,Ocio y cultura,2020,Enero,98.87
Extremadura,Enseñanza,2020,Mayo,105.068
Extremadura,Enseñanza,2020,Abril,105.068
Extremadura,Enseñanza,2020,Marzo,105.053
Extremadura,Enseñanza,2020,Febrero,105.053
Extremadura,Enseñanza,2020,Enero,105.053
Extremadura,Restaurantes y hoteles,2020,Mayo,107.99
Extremadura,Restaurantes y hoteles,2020,Abril,107.434
Extremadura,Restaurantes y hoteles,2020,Marzo,106.489
Extremadura,Restaurantes y hoteles,2020,Febrero,106.262
Extremadura,Restaurantes y hoteles,2020,Enero,105.64
Extremadura,Otros bienes y servicios ,2020,Mayo,103.806
Extremadura,Otros bienes y servicios ,2020,Abril,103.177
Extremadura,Otros bienes y servicios ,2020,Marzo,103.534
Extremadura,Otros bienes y servicios ,2020,Febrero,103.179
Extremadura,Otros bienes y servicios ,2020,Enero,103.208
Galicia,Alimentos y bebidas no alcohólicas,2020,Mayo,107.146
Galicia,Alimentos y bebidas no alcohólicas,2020,Abril,107.065
Galicia,Alimentos y bebidas no alcohólicas,2020,Marzo,105.262
Galicia,Alimentos y bebidas no alcohólicas,2020,Febrero,105.103
Galicia,Alimentos y bebidas no alcohólicas,2020,Enero,104.825
Galicia,Bebidas alcohólicas y tabaco,2020,Mayo,105.418
Galicia,Bebidas alcohólicas y tabaco,2020,Abril,105.35
Galicia,Bebidas alcohólicas y tabaco,2020,Marzo,104.851
Galicia,Bebidas alcohólicas y tabaco,2020,Febrero,104.923
Galicia,Bebidas alcohólicas y tabaco,2020,Enero,104.285
Galicia,Vestido y calzado,2020,Mayo,109.021
Galicia,Vestido y calzado,2020,Abril,106.277
Galicia,Vestido y calzado,2020,Marzo,97.32
Galicia,Vestido y calzado,2020,Febrero,93.494
Galicia,Vestido y calzado,2020,Enero,95.11
Galicia,"Vivienda, agua, electricidad, gas y otros combustibles",2020,Mayo,97.688
Galicia,"Vivienda, agua, electricidad, gas y otros combustibles",2020,Abril,97.85
Galicia,"Vivienda, agua, electricidad, gas y otros combustibles",2020,Marzo,100.627
Galicia,"Vivienda, agua, electricidad, gas y otros combustibles",2020,Febrero,103.298
Galicia,"Vivienda, agua, electricidad, gas y otros combustibles",2020,Enero,104.877
Galicia,"Muebles, artículos del hogar y artículos para el mantenimiento corriente del hogar",2020,Mayo,101.883
Galicia,"Muebles, artículos del hogar y artículos para el mantenimiento corriente del hogar",2020,Abril,101.383
Galicia,"Muebles, artículos del hogar y artículos para el mantenimiento corriente del hogar",2020,Marzo,101.029
Galicia,"Muebles, artículos del hogar y artículos para el mantenimiento corriente del hogar",2020,Febrero,100.759
Galicia,"Muebles, artículos del hogar y artículos para el mantenimiento corriente del hogar",2020,Enero,100.616
Galicia,Sanidad,2020,Mayo,103.62
Galicia,Sanidad,2020,Abril,103.52
Galicia,Sanidad,2020,Marzo,103.478
Galicia,Sanidad,2020,Febrero,103.426
Galicia,Sanidad,2020,Enero,103.673
Galicia,Transporte,2020,Mayo,100.35
Galicia,Transporte,2020,Abril,101.135
Galicia,Transporte,2020,Marzo,104.744
Galicia,Transporte,2020,Febrero,108.61
Galicia,Transporte,2020,Enero,109.438
Galicia,Comunicaciones,2020,Mayo,104.815
Galicia,Comunicaciones,2020,Abril,104.938
Galicia,Comunicaciones,2020,Marzo,105.109
Galicia,Comunicaciones,2020,Febrero,103.836
Galicia,Comunicaciones,2020,Enero,103.85
Galicia,Ocio y cultura,2020,Mayo,97.891
Galicia,Ocio y cultura,2020,Abril,99.219
Galicia,Ocio y cultura,2020,Marzo,98.651
Galicia,Ocio y cultura,2020,Febrero,98.835
Galicia,Ocio y cultura,2020,Enero,98.13
Galicia,Enseñanza,2020,Mayo,105.383
Galicia,Enseñanza,2020,Abril,105.383
Galicia,Enseñanza,2020,Marzo,105.372
Galicia,Enseñanza,2020,Febrero,105.372
Galicia,Enseñanza,2020,Enero,105.372
Galicia,Restaurantes y hoteles,2020,Mayo,109.301
Galicia,Restaurantes y hoteles,2020,Abril,108.769
Galicia,Restaurantes y hoteles,2020,Marzo,107.959
Galicia,Restaurantes y hoteles,2020,Febrero,107.546
Galicia,Restaurantes y hoteles,2020,Enero,107.315
Galicia,Otros bienes y servicios ,2020,Mayo,103.633
Galicia,Otros bienes y servicios ,2020,Abril,103.552
Galicia,Otros bienes y servicios ,2020,Marzo,103.195
Galicia,Otros bienes y servicios ,2020,Febrero,103.092
Galicia,Otros bienes y servicios ,2020,Enero,102.883
"Madrid, Comunidad de",Alimentos y bebidas no alcohólicas,2020,Mayo,106.322
"Madrid, Comunidad de",Alimentos y bebidas no alcohólicas,2020,Abril,106.616
"Madrid, Comunidad de",Alimentos y bebidas no alcohólicas,2020,Marzo,105.082
"Madrid, Comunidad de",Alimentos y bebidas no alcohólicas,2020,Febrero,104.718
"Madrid, Comunidad de",Alimentos y bebidas no alcohólicas,2020,Enero,104.936
"Madrid, Comunidad de",Bebidas alcohólicas y tabaco,2020,Mayo,105.003
"Madrid, Comunidad de",Bebidas alcohólicas y tabaco,2020,Abril,104.824
"Madrid, Comunidad de",Bebidas alcohólicas y tabaco,2020,Marzo,104.767
"Madrid, Comunidad de",Bebidas alcohólicas y tabaco,2020,Febrero,104.74
"Madrid, Comunidad de",Bebidas alcohólicas y tabaco,2020,Enero,104.367
"Madrid, Comunidad de",Vestido y calzado,2020,Mayo,108.016
"Madrid, Comunidad de",Vestido y calzado,2020,Abril,107.034
"Madrid, Comunidad de",Vestido y calzado,2020,Marzo,99.163
"Madrid, Comunidad de",Vestido y calzado,2020,Febrero,95.146
"Madrid, Comunidad de",Vestido y calzado,2020,Enero,95.818
"Madrid, Comunidad de","Vivienda, agua, electricidad, gas y otros combustibles",2020,Mayo,100.545
"Madrid, Comunidad de","Vivienda, agua, electricidad, gas y otros combustibles",2020,Abril,100.464
"Madrid, Comunidad de","Vivienda, agua, electricidad, gas y otros combustibles",2020,Marzo,101.88
"Madrid, Comunidad de","Vivienda, agua, electricidad, gas y otros combustibles",2020,Febrero,103.157
"Madrid, Comunidad de","Vivienda, agua, electricidad, gas y otros combustibles",2020,Enero,104.154
"Madrid, Comunidad de","Muebles, artículos del hogar y artículos para el mantenimiento corriente del hogar",2020,Mayo,102.016
"Madrid, Comunidad de","Muebles, artículos del hogar y artículos para el mantenimiento corriente del hogar",2020,Abril,101.392
"Madrid, Comunidad de","Muebles, artículos del hogar y artículos para el mantenimiento corriente del hogar",2020,Marzo,100.894
"Madrid, Comunidad de","Muebles, artículos del hogar y artículos para el mantenimiento corriente del hogar",2020,Febrero,100.585
"Madrid, Comunidad de","Muebles, artículos del hogar y artículos para el mantenimiento corriente del hogar",2020,Enero,100.447
"Madrid, Comunidad de",Sanidad,2020,Mayo,101.103
"Madrid, Comunidad de",Sanidad,2020,Abril,100.949
"Madrid, Comunidad de",Sanidad,2020,Marzo,100.926
"Madrid, Comunidad de",Sanidad,2020,Febrero,100.945
"Madrid, Comunidad de",Sanidad,2020,Enero,101.533
"Madrid, Comunidad de",Transporte,2020,Mayo,102.668
"Madrid, Comunidad de",Transporte,2020,Abril,103.53
"Madrid, Comunidad de",Transporte,2020,Marzo,106.828
"Madrid, Comunidad de",Transporte,2020,Febrero,109.965
"Madrid, Comunidad de",Transporte,2020,Enero,110.541
"Madrid, Comunidad de",Comunicaciones,2020,Mayo,106.006
"Madrid, Comunidad de",Comunicaciones,2020,Abril,106.101
"Madrid, Comunidad de",Comunicaciones,2020,Marzo,106.272
"Madrid, Comunidad de",Comunicaciones,2020,Febrero,104.928
"Madrid, Comunidad de",Comunicaciones,2020,Enero,104.9
"Madrid, Comunidad de",Ocio y cultura,2020,Mayo,100.5
"Madrid, Comunidad de",Ocio y cultura,2020,Abril,102.079
"Madrid, Comunidad de",Ocio y cultura,2020,Marzo,101.158
"Madrid, Comunidad de",Ocio y cultura,2020,Febrero,100.368
"Madrid, Comunidad de",Ocio y cultura,2020,Enero,99.368
"Madrid, Comunidad de",Enseñanza,2020,Mayo,102.749
"Madrid, Comunidad de",Enseñanza,2020,Abril,102.749
"Madrid, Comunidad de",Enseñanza,2020,Marzo,102.74
"Madrid, Comunidad de",Enseñanza,2020,Febrero,102.74
"Madrid, Comunidad de",Enseñanza,2020,Enero,102.732
"Madrid, Comunidad de",Restaurantes y hoteles,2020,Mayo,108.073
"Madrid, Comunidad de",Restaurantes y hoteles,2020,Abril,107.605
"Madrid, Comunidad de",Restaurantes y hoteles,2020,Marzo,106.782
"Madrid, Comunidad de",Restaurantes y hoteles,2020,Febrero,106.578
"Madrid, Comunidad de",Restaurantes y hoteles,2020,Enero,105.532
"Madrid, Comunidad de",Otros bienes y servicios ,2020,Mayo,105.882
"Madrid, Comunidad de",Otros bienes y servicios ,2020,Abril,105.628
"Madrid, Comunidad de",Otros bienes y servicios ,2020,Marzo,105.59
"Madrid, Comunidad de",Otros bienes y servicios ,2020,Febrero,105.536
"Madrid, Comunidad de",Otros bienes y servicios ,2020,Enero,105.155
"Murcia, Región de",Alimentos y bebidas no alcohólicas,2020,Mayo,106.679
"Murcia, Región de",Alimentos y bebidas no alcohólicas,2020,Abril,106.84
"Murcia, Región de",Alimentos y bebidas no alcohólicas,2020,Marzo,105.156
"Murcia, Región de",Alimentos y bebidas no alcohólicas,2020,Febrero,105.128
"Murcia, Región de",Alimentos y bebidas no alcohólicas,2020,Enero,104.883
"Murcia, Región de",Bebidas alcohólicas y tabaco,2020,Mayo,104.935
"Murcia, Región de",Bebidas alcohólicas y tabaco,2020,Abril,104.399
"Murcia, Región de",Bebidas alcohólicas y tabaco,2020,Marzo,104.738
"Murcia, Región de",Bebidas alcohólicas y tabaco,2020,Febrero,104.82
"Murcia, Región de",Bebidas alcohólicas y tabaco,2020,Enero,104.353
"Murcia, Región de",Vestido y calzado,2020,Mayo,111.972
"Murcia, Región de",Vestido y calzado,2020,Abril,109.526
"Murcia, Región de",Vestido y calzado,2020,Marzo,96.168
"Murcia, Región de",Vestido y calzado,2020,Febrero,92.789
"Murcia, Región de",Vestido y calzado,2020,Enero,93.824
"Murcia, Región de","Vivienda, agua, electricidad, gas y otros combustibles",2020,Mayo,97.318
"Murcia, Región de","Vivienda, agua, electricidad, gas y otros combustibles",2020,Abril,97.14
"Murcia, Región de","Vivienda, agua, electricidad, gas y otros combustibles",2020,Marzo,98.842
"Murcia, Región de","Vivienda, agua, electricidad, gas y otros combustibles",2020,Febrero,100.542
"Murcia, Región de","Vivienda, agua, electricidad, gas y otros combustibles",2020,Enero,101.581
"Murcia, Región de","Muebles, artículos del hogar y artículos para el mantenimiento corriente del hogar",2020,Mayo,99.64
"Murcia, Región de","Muebles, artículos del hogar y artículos para el mantenimiento corriente del hogar",2020,Abril,99.578
"Murcia, Región de","Muebles, artículos del hogar y artículos para el mantenimiento corriente del hogar",2020,Marzo,99.241
"Murcia, Región de","Muebles, artículos del hogar y artículos para el mantenimiento corriente del hogar",2020,Febrero,99.21
"Murcia, Región de","Muebles, artículos del hogar y artículos para el mantenimiento corriente del hogar",2020,Enero,98.696
"Murcia, Región de",Sanidad,2020,Mayo,102.247
"Murcia, Región de",Sanidad,2020,Abril,102.198
"Murcia, Región de",Sanidad,2020,Marzo,102.164
"Murcia, Región de",Sanidad,2020,Febrero,101.222
"Murcia, Región de",Sanidad,2020,Enero,101.506
"Murcia, Región de",Transporte,2020,Mayo,99.545
"Murcia, Región de",Transporte,2020,Abril,100.45
"Murcia, Región de",Transporte,2020,Marzo,104.51
"Murcia, Región de",Transporte,2020,Febrero,108.483
"Murcia, Región de",Transporte,2020,Enero,109.336
"Murcia, Región de",Comunicaciones,2020,Mayo,104.66
"Murcia, Región de",Comunicaciones,2020,Abril,104.788
"Murcia, Región de",Comunicaciones,2020,Marzo,104.958
"Murcia, Región de",Comunicaciones,2020,Febrero,103.711
"Murcia, Región de",Comunicaciones,2020,Enero,103.735
"Murcia, Región de",Ocio y cultura,2020,Mayo,96.799
"Murcia, Región de",Ocio y cultura,2020,Abril,98.449
"Murcia, Región de",Ocio y cultura,2020,Marzo,97.754
"Murcia, Región de",Ocio y cultura,2020,Febrero,98.617
"Murcia, Región de",Ocio y cultura,2020,Enero,97.643
"Murcia, Región de",Enseñanza,2020,Mayo,105.175
"Murcia, Región de",Enseñanza,2020,Abril,105.175
"Murcia, Región de",Enseñanza,2020,Marzo,105.161
"Murcia, Región de",Enseñanza,2020,Febrero,105.161
"Murcia, Región de",Enseñanza,2020,Enero,105.161
"Murcia, Región de",Restaurantes y hoteles,2020,Mayo,106.539
"Murcia, Región de",Restaurantes y hoteles,2020,Abril,106.212
"Murcia, Región de",Restaurantes y hoteles,2020,Marzo,105.588
"Murcia, Región de",Restaurantes y hoteles,2020,Febrero,105.496
"Murcia, Región de",Restaurantes y hoteles,2020,Enero,105.15
"Murcia, Región de",Otros bienes y servicios ,2020,Mayo,103.547
"Murcia, Región de",Otros bienes y servicios ,2020,Abril,103.233
"Murcia, Región de",Otros bienes y servicios ,2020,Marzo,103.251
"Murcia, Región de",Otros bienes y servicios ,2020,Febrero,103.162
"Murcia, Región de",Otros bienes y servicios ,2020,Enero,102.747
"Navarra, Comunidad Foral de",Alimentos y bebidas no alcohólicas,2020,Mayo,106.782
"Navarra, Comunidad Foral de",Alimentos y bebidas no alcohólicas,2020,Abril,106.871
"Navarra, Comunidad Foral de",Alimentos y bebidas no alcohólicas,2020,Marzo,104.951
"Navarra, Comunidad Foral de",Alimentos y bebidas no alcohólicas,2020,Febrero,104.911
"Navarra, Comunidad Foral de",Alimentos y bebidas no alcohólicas,2020,Enero,105.21
"Navarra, Comunidad Foral de",Bebidas alcohólicas y tabaco,2020,Mayo,104.033
"Navarra, Comunidad Foral de",Bebidas alcohólicas y tabaco,2020,Abril,103.962
"Navarra, Comunidad Foral de",Bebidas alcohólicas y tabaco,2020,Marzo,103.785
"Navarra, Comunidad Foral de",Bebidas alcohólicas y tabaco,2020,Febrero,104.053
"Navarra, Comunidad Foral de",Bebidas alcohólicas y tabaco,2020,Enero,104.036
"Navarra, Comunidad Foral de",Vestido y calzado,2020,Mayo,110.834
"Navarra, Comunidad Foral de",Vestido y calzado,2020,Abril,106.312
"Navarra, Comunidad Foral de",Vestido y calzado,2020,Marzo,98.308
"Navarra, Comunidad Foral de",Vestido y calzado,2020,Febrero,93.948
"Navarra, Comunidad Foral de",Vestido y calzado,2020,Enero,94.918
"Navarra, Comunidad Foral de","Vivienda, agua, electricidad, gas y otros combustibles",2020,Mayo,97.734
"Navarra, Comunidad Foral de","Vivienda, agua, electricidad, gas y otros combustibles",2020,Abril,98.053
"Navarra, Comunidad Foral de","Vivienda, agua, electricidad, gas y otros combustibles",2020,Marzo,100.764
"Navarra, Comunidad Foral de","Vivienda, agua, electricidad, gas y otros combustibles",2020,Febrero,103.771
"Navarra, Comunidad Foral de","Vivienda, agua, electricidad, gas y otros combustibles",2020,Enero,105.636
"Navarra, Comunidad Foral de","Muebles, artículos del hogar y artículos para el mantenimiento corriente del hogar",2020,Mayo,100.56
"Navarra, Comunidad Foral de","Muebles, artículos del hogar y artículos para el mantenimiento corriente del hogar",2020,Abril,99.863
"Navarra, Comunidad Foral de","Muebles, artículos del hogar y artículos para el mantenimiento corriente del hogar",2020,Marzo,99.551
"Navarra, Comunidad Foral de","Muebles, artículos del hogar y artículos para el mantenimiento corriente del hogar",2020,Febrero,99.211
"Navarra, Comunidad Foral de","Muebles, artículos del hogar y artículos para el mantenimiento corriente del hogar",2020,Enero,99.935
"Navarra, Comunidad Foral de",Sanidad,2020,Mayo,104.119
"Navarra, Comunidad Foral de",Sanidad,2020,Abril,104.089
"Navarra, Comunidad Foral de",Sanidad,2020,Marzo,104.045
"Navarra, Comunidad Foral de",Sanidad,2020,Febrero,104.307
"Navarra, Comunidad Foral de",Sanidad,2020,Enero,104.089
"Navarra, Comunidad Foral de",Transporte,2020,Mayo,101.7
"Navarra, Comunidad Foral de",Transporte,2020,Abril,102.455
"Navarra, Comunidad Foral de",Transporte,2020,Marzo,106.024
"Navarra, Comunidad Foral de",Transporte,2020,Febrero,109.879
"Navarra, Comunidad Foral de",Transporte,2020,Enero,110.808
"Navarra, Comunidad Foral de",Comunicaciones,2020,Mayo,103.318
"Navarra, Comunidad Foral de",Comunicaciones,2020,Abril,103.475
"Navarra, Comunidad Foral de",Comunicaciones,2020,Marzo,103.647
"Navarra, Comunidad Foral de",Comunicaciones,2020,Febrero,102.47
"Navarra, Comunidad Foral de",Comunicaciones,2020,Enero,102.538
"Navarra, Comunidad Foral de",Ocio y cultura,2020,Mayo,98.682
"Navarra, Comunidad Foral de",Ocio y cultura,2020,Abril,100.376
"Navarra, Comunidad Foral de",Ocio y cultura,2020,Marzo,99.136
"Navarra, Comunidad Foral de",Ocio y cultura,2020,Febrero,100.103
"Navarra, Comunidad Foral de",Ocio y cultura,2020,Enero,98.827
"Navarra, Comunidad Foral de",Enseñanza,2020,Mayo,102.675
"Navarra, Comunidad Foral de",Enseñanza,2020,Abril,102.675
"Navarra, Comunidad Foral de",Enseñanza,2020,Marzo,102.664
"Navarra, Comunidad Foral de",Enseñanza,2020,Febrero,102.664
"Navarra, Comunidad Foral de",Enseñanza,2020,Enero,102.664
"Navarra, Comunidad Foral de",Restaurantes y hoteles,2020,Mayo,108.369
"Navarra, Comunidad Foral de",Restaurantes y hoteles,2020,Abril,107.764
"Navarra, Comunidad Foral de",Restaurantes y hoteles,2020,Marzo,106.48
"Navarra, Comunidad Foral de",Restaurantes y hoteles,2020,Febrero,106.451
"Navarra, Comunidad Foral de",Restaurantes y hoteles,2020,Enero,105.656
"Navarra, Comunidad Foral de",Otros bienes y servicios ,2020,Mayo,103.881
"Navarra, Comunidad Foral de",Otros bienes y servicios ,2020,Abril,103.808
"Navarra, Comunidad Foral de",Otros bienes y servicios ,2020,Marzo,103.534
"Navarra, Comunidad Foral de",Otros bienes y servicios ,2020,Febrero,103.475
"Navarra, Comunidad Foral de",Otros bienes y servicios ,2020,Enero,103.322
País Vasco,Alimentos y bebidas no alcohólicas,2020,Mayo,107.13
País Vasco,Alimentos y bebidas no alcohólicas,2020,Abril,106.938
País Vasco,Alimentos y bebidas no alcohólicas,2020,Marzo,105.894
País Vasco,Alimentos y bebidas no alcohólicas,2020,Febrero,105.846
País Vasco,Alimentos y bebidas no alcohólicas,2020,Enero,105.644
País Vasco,Bebidas alcohólicas y tabaco,2020,Mayo,104.499
País Vasco,Bebidas alcohólicas y tabaco,2020,Abril,104.642
País Vasco,Bebidas alcohólicas y tabaco,2020,Marzo,104.507
País Vasco,Bebidas alcohólicas y tabaco,2020,Febrero,104.801
País Vasco,Bebidas alcohólicas y tabaco,2020,Enero,104.404
País Vasco,Vestido y calzado,2020,Mayo,110.518
País Vasco,Vestido y calzado,2020,Abril,108.368
País Vasco,Vestido y calzado,2020,Marzo,98.165
País Vasco,Vestido y calzado,2020,Febrero,93.29
País Vasco,Vestido y calzado,2020,Enero,94.347
País Vasco,"Vivienda, agua, electricidad, gas y otros combustibles",2020,Mayo,98.772
País Vasco,"Vivienda, agua, electricidad, gas y otros combustibles",2020,Abril,98.664
País Vasco,"Vivienda, agua, electricidad, gas y otros combustibles",2020,Marzo,100.671
País Vasco,"Vivienda, agua, electricidad, gas y otros combustibles",2020,Febrero,102.633
País Vasco,"Vivienda, agua, electricidad, gas y otros combustibles",2020,Enero,103.984
País Vasco,"Muebles, artículos del hogar y artículos para el mantenimiento corriente del hogar",2020,Mayo,101.574
País Vasco,"Muebles, artículos del hogar y artículos para el mantenimiento corriente del hogar",2020,Abril,101.216
País Vasco,"Muebles, artículos del hogar y artículos para el mantenimiento corriente del hogar",2020,Marzo,101.465
País Vasco,"Muebles, artículos del hogar y artículos para el mantenimiento corriente del hogar",2020,Febrero,100.874
País Vasco,"Muebles, artículos del hogar y artículos para el mantenimiento corriente del hogar",2020,Enero,101.216
País Vasco,Sanidad,2020,Mayo,102.089
País Vasco,Sanidad,2020,Abril,101.874
País Vasco,Sanidad,2020,Marzo,101.797
País Vasco,Sanidad,2020,Febrero,102.181
País Vasco,Sanidad,2020,Enero,102.098
País Vasco,Transporte,2020,Mayo,103.612
País Vasco,Transporte,2020,Abril,104.21
País Vasco,Transporte,2020,Marzo,107.542
País Vasco,Transporte,2020,Febrero,111.037
País Vasco,Transporte,2020,Enero,111.777
País Vasco,Comunicaciones,2020,Mayo,105.258
País Vasco,Comunicaciones,2020,Abril,105.371
País Vasco,Comunicaciones,2020,Marzo,105.542
País Vasco,Comunicaciones,2020,Febrero,104.255
País Vasco,Comunicaciones,2020,Enero,104.257
País Vasco,Ocio y cultura,2020,Mayo,99.395
País Vasco,Ocio y cultura,2020,Abril,101.061
País Vasco,Ocio y cultura,2020,Marzo,100.146
País Vasco,Ocio y cultura,2020,Febrero,100.47
País Vasco,Ocio y cultura,2020,Enero,99.915
País Vasco,Enseñanza,2020,Mayo,104.612
País Vasco,Enseñanza,2020,Abril,104.612
País Vasco,Enseñanza,2020,Marzo,104.601
País Vasco,Enseñanza,2020,Febrero,104.601
País Vasco,Enseñanza,2020,Enero,104.593
País Vasco,Restaurantes y hoteles,2020,Mayo,107.333
País Vasco,Restaurantes y hoteles,2020,Abril,106.886
País Vasco,Restaurantes y hoteles,2020,Marzo,106.187
País Vasco,Restaurantes y hoteles,2020,Febrero,105.558
País Vasco,Restaurantes y hoteles,2020,Enero,104.874
País Vasco,Otros bienes y servicios ,2020,Mayo,104.105
País Vasco,Otros bienes y servicios ,2020,Abril,104.054
País Vasco,Otros bienes y servicios ,2020,Marzo,104.246
País Vasco,Otros bienes y servicios ,2020,Febrero,103.935
País Vasco,Otros bienes y servicios ,2020,Enero,103.75
"Rioja, La",Alimentos y bebidas no alcohólicas,2020,Mayo,107.353
"Rioja, La",Alimentos y bebidas no alcohólicas,2020,Abril,106.963
"Rioja, La",Alimentos y bebidas no alcohólicas,2020,Marzo,105.749
"Rioja, La",Alimentos y bebidas no alcohólicas,2020,Febrero,105.672
"Rioja, La",Alimentos y bebidas no alcohólicas,2020,Enero,105.947
"Rioja, La",Bebidas alcohólicas y tabaco,2020,Mayo,104.388
"Rioja, La",Bebidas alcohólicas y tabaco,2020,Abril,104.729
"Rioja, La",Bebidas alcohólicas y tabaco,2020,Marzo,104.802
"Rioja, La",Bebidas alcohólicas y tabaco,2020,Febrero,104.292
"Rioja, La",Bebidas alcohólicas y tabaco,2020,Enero,103.721
"Rioja, La",Vestido y calzado,2020,Mayo,115.892
"Rioja, La",Vestido y calzado,2020,Abril,110.529
"Rioja, La",Vestido y calzado,2020,Marzo,92.673
"Rioja, La",Vestido y calzado,2020,Febrero,91.942
"Rioja, La",Vestido y calzado,2020,Enero,92.337
"Rioja, La","Vivienda, agua, electricidad, gas y otros combustibles",2020,Mayo,96.612
"Rioja, La","Vivienda, agua, electricidad, gas y otros combustibles",2020,Abril,96.854
"Rioja, La","Vivienda, agua, electricidad, gas y otros combustibles",2020,Marzo,99.6
"Rioja, La","Vivienda, agua, electricidad, gas y otros combustibles",2020,Febrero,102.097
"Rioja, La","Vivienda, agua, electricidad, gas y otros combustibles",2020,Enero,103.792
"Rioja, La","Muebles, artículos del hogar y artículos para el mantenimiento corriente del hogar",2020,Mayo,102.716
"Rioja, La","Muebles, artículos del hogar y artículos para el mantenimiento corriente del hogar",2020,Abril,102.686
"Rioja, La","Muebles, artículos del hogar y artículos para el mantenimiento corriente del hogar",2020,Marzo,102.708
"Rioja, La","Muebles, artículos del hogar y artículos para el mantenimiento corriente del hogar",2020,Febrero,102.198
"Rioja, La","Muebles, artículos del hogar y artículos para el mantenimiento corriente del hogar",2020,Enero,102.497
"Rioja, La",Sanidad,2020,Mayo,101.177
"Rioja, La",Sanidad,2020,Abril,101.161
"Rioja, La",Sanidad,2020,Marzo,101.076
"Rioja, La",Sanidad,2020,Febrero,101.706
"Rioja, La",Sanidad,2020,Enero,101.614
"Rioja, La",Transporte,2020,Mayo,103.612
"Rioja, La",Transporte,2020,Abril,104.101
"Rioja, La",Transporte,2020,Marzo,107.674
"Rioja, La",Transporte,2020,Febrero,110.792
"Rioja, La",Transporte,2020,Enero,111.53
"Rioja, La",Comunicaciones,2020,Mayo,104.535
"Rioja, La",Comunicaciones,2020,Abril,104.664
"Rioja, La",Comunicaciones,2020,Marzo,104.836
"Rioja, La",Comunicaciones,2020,Febrero,103.585
"Rioja, La",Comunicaciones,2020,Enero,103.61
"Rioja, La",Ocio y cultura,2020,Mayo,98.227
"Rioja, La",Ocio y cultura,2020,Abril,100.009
"Rioja, La",Ocio y cultura,2020,Marzo,99.016
"Rioja, La",Ocio y cultura,2020,Febrero,99.323
"Rioja, La",Ocio y cultura,2020,Enero,98.6
"Rioja, La",Enseñanza,2020,Mayo,104.796
"Rioja, La",Enseñanza,2020,Abril,104.796
"Rioja, La",Enseñanza,2020,Marzo,104.788
"Rioja, La",Enseñanza,2020,Febrero,104.788
"Rioja, La",Enseñanza,2020,Enero,104.788
"Rioja, La",Restaurantes y hoteles,2020,Mayo,106.938
"Rioja, La",Restaurantes y hoteles,2020,Abril,106.243
"Rioja, La",Restaurantes y hoteles,2020,Marzo,105.21
"Rioja, La",Restaurantes y hoteles,2020,Febrero,104.523
"Rioja, La",Restaurantes y hoteles,2020,Enero,104.037
"Rioja, La",Otros bienes y servicios ,2020,Mayo,103.393
"Rioja, La",Otros bienes y servicios ,2020,Abril,103.411
"Rioja, La",Otros bienes y servicios ,2020,Marzo,103.619
"Rioja, La",Otros bienes y servicios ,2020,Febrero,103.052
"Rioja, La",Otros bienes y servicios ,2020,Enero,102.285
Ceuta,Alimentos y bebidas no alcohólicas,2020,Mayo,105.291
Ceuta,Alimentos y bebidas no alcohólicas,2020,Abril,105.048
Ceuta,Alimentos y bebidas no alcohólicas,2020,Marzo,103.675
Ceuta,Alimentos y bebidas no alcohólicas,2020,Febrero,103.196
Ceuta,Alimentos y bebidas no alcohólicas,2020,Enero,102.795
Ceuta,Bebidas alcohólicas y tabaco,2020,Mayo,104.654
Ceuta,Bebidas alcohólicas y tabaco,2020,Abril,104.632
Ceuta,Bebidas alcohólicas y tabaco,2020,Marzo,104.629
Ceuta,Bebidas alcohólicas y tabaco,2020,Febrero,104.477
Ceuta,Bebidas alcohólicas y tabaco,2020,Enero,104.373
Ceuta,Vestido y calzado,2020,Mayo,113.244
Ceuta,Vestido y calzado,2020,Abril,112.588
Ceuta,Vestido y calzado,2020,Marzo,99.423
Ceuta,Vestido y calzado,2020,Febrero,89.765
Ceuta,Vestido y calzado,2020,Enero,90.706
Ceuta,"Vivienda, agua, electricidad, gas y otros combustibles",2020,Mayo,99.683
Ceuta,"Vivienda, agua, electricidad, gas y otros combustibles",2020,Abril,99.484
Ceuta,"Vivienda, agua, electricidad, gas y otros combustibles",2020,Marzo,100.822
Ceuta,"Vivienda, agua, electricidad, gas y otros combustibles",2020,Febrero,102.236
Ceuta,"Vivienda, agua, electricidad, gas y otros combustibles",2020,Enero,103.115
Ceuta,"Muebles, artículos del hogar y artículos para el mantenimiento corriente del hogar",2020,Mayo,96.989
Ceuta,"Muebles, artículos del hogar y artículos para el mantenimiento corriente del hogar",2020,Abril,96.847
Ceuta,"Muebles, artículos del hogar y artículos para el mantenimiento corriente del hogar",2020,Marzo,96.514
Ceuta,"Muebles, artículos del hogar y artículos para el mantenimiento corriente del hogar",2020,Febrero,96.601
Ceuta,"Muebles, artículos del hogar y artículos para el mantenimiento corriente del hogar",2020,Enero,96.402
Ceuta,Sanidad,2020,Mayo,101.423
Ceuta,Sanidad,2020,Abril,101.429
Ceuta,Sanidad,2020,Marzo,101.392
Ceuta,Sanidad,2020,Febrero,101.391
Ceuta,Sanidad,2020,Enero,101.387
Ceuta,Transporte,2020,Mayo,98.621
Ceuta,Transporte,2020,Abril,100.297
Ceuta,Transporte,2020,Marzo,102.836
Ceuta,Transporte,2020,Febrero,106.702
Ceuta,Transporte,2020,Enero,107.807
Ceuta,Comunicaciones,2020,Mayo,108.496
Ceuta,Comunicaciones,2020,Abril,108.533
Ceuta,Comunicaciones,2020,Marzo,108.703
Ceuta,Comunicaciones,2020,Febrero,107.213
Ceuta,Comunicaciones,2020,Enero,107.097
Ceuta,Ocio y cultura,2020,Mayo,97.628
Ceuta,Ocio y cultura,2020,Abril,98.389
Ceuta,Ocio y cultura,2020,Marzo,97.851
Ceuta,Ocio y cultura,2020,Febrero,97.9
Ceuta,Ocio y cultura,2020,Enero,97.86
Ceuta,Enseñanza,2020,Mayo,104.717
Ceuta,Enseñanza,2020,Abril,104.717
Ceuta,Enseñanza,2020,Marzo,104.707
Ceuta,Enseñanza,2020,Febrero,104.707
Ceuta,Enseñanza,2020,Enero,104.707
Ceuta,Restaurantes y hoteles,2020,Mayo,102.897
Ceuta,Restaurantes y hoteles,2020,Abril,102.574
Ceuta,Restaurantes y hoteles,2020,Marzo,101.995
Ceuta,Restaurantes y hoteles,2020,Febrero,101.956
Ceuta,Restaurantes y hoteles,2020,Enero,101.934
Ceuta,Otros bienes y servicios ,2020,Mayo,101.392
Ceuta,Otros bienes y servicios ,2020,Abril,101.227
Ceuta,Otros bienes y servicios ,2020,Marzo,101.21
Ceuta,Otros bienes y servicios ,2020,Febrero,101.1
Ceuta,Otros bienes y servicios ,2020,Enero,101.069
Melilla,Alimentos y bebidas no alcohólicas,2020,Mayo,106.949
Melilla,Alimentos y bebidas no alcohólicas,2020,Abril,106.32
Melilla,Alimentos y bebidas no alcohólicas,2020,Marzo,102.158
Melilla,Alimentos y bebidas no alcohólicas,2020,Febrero,102.869
Melilla,Alimentos y bebidas no alcohólicas,2020,Enero,102.203
Melilla,Bebidas alcohólicas y tabaco,2020,Mayo,103.485
Melilla,Bebidas alcohólicas y tabaco,2020,Abril,103.717
Melilla,Bebidas alcohólicas y tabaco,2020,Marzo,103.718
Melilla,Bebidas alcohólicas y tabaco,2020,Febrero,103.741
Melilla,Bebidas alcohólicas y tabaco,2020,Enero,103.701
Melilla,Vestido y calzado,2020,Mayo,110.751
Melilla,Vestido y calzado,2020,Abril,109.259
Melilla,Vestido y calzado,2020,Marzo,99.875
Melilla,Vestido y calzado,2020,Febrero,90.863
Melilla,Vestido y calzado,2020,Enero,92.544
Melilla,"Vivienda, agua, electricidad, gas y otros combustibles",2020,Mayo,100.543
Melilla,"Vivienda, agua, electricidad, gas y otros combustibles",2020,Abril,100.296
Melilla,"Vivienda, agua, electricidad, gas y otros combustibles",2020,Marzo,102.008
Melilla,"Vivienda, agua, electricidad, gas y otros combustibles",2020,Febrero,103.816
Melilla,"Vivienda, agua, electricidad, gas y otros combustibles",2020,Enero,104.997
Melilla,"Muebles, artículos del hogar y artículos para el mantenimiento corriente del hogar",2020,Mayo,103.155
Melilla,"Muebles, artículos del hogar y artículos para el mantenimiento corriente del hogar",2020,Abril,102.529
Melilla,"Muebles, artículos del hogar y artículos para el mantenimiento corriente del hogar",2020,Marzo,102.009
Melilla,"Muebles, artículos del hogar y artículos para el mantenimiento corriente del hogar",2020,Febrero,101.891
Melilla,"Muebles, artículos del hogar y artículos para el mantenimiento corriente del hogar",2020,Enero,101.481
Melilla,Sanidad,2020,Mayo,102.625
Melilla,Sanidad,2020,Abril,102.565
Melilla,Sanidad,2020,Marzo,102.527
Melilla,Sanidad,2020,Febrero,102.527
Melilla,Sanidad,2020,Enero,102.454
Melilla,Transporte,2020,Mayo,95.424
Melilla,Transporte,2020,Abril,96.69
Melilla,Transporte,2020,Marzo,99.689
Melilla,Transporte,2020,Febrero,103.348
Melilla,Transporte,2020,Enero,103.776
Melilla,Comunicaciones,2020,Mayo,104.273
Melilla,Comunicaciones,2020,Abril,104.409
Melilla,Comunicaciones,2020,Marzo,104.579
Melilla,Comunicaciones,2020,Febrero,103.35
Melilla,Comunicaciones,2020,Enero,103.386
Melilla,Ocio y cultura,2020,Mayo,97.403
Melilla,Ocio y cultura,2020,Abril,99.289
Melilla,Ocio y cultura,2020,Marzo,98.281
Melilla,Ocio y cultura,2020,Febrero,98.63
Melilla,Ocio y cultura,2020,Enero,97.7
Melilla,Enseñanza,2020,Mayo,101.916
Melilla,Enseñanza,2020,Abril,101.916
Melilla,Enseñanza,2020,Marzo,101.907
Melilla,Enseñanza,2020,Febrero,101.907
Melilla,Enseñanza,2020,Enero,101.907
Melilla,Restaurantes y hoteles,2020,Mayo,106.083
Melilla,Restaurantes y hoteles,2020,Abril,105.724
Melilla,Restaurantes y hoteles,2020,Marzo,105.159
Melilla,Restaurantes y hoteles,2020,Febrero,105.074
Melilla,Restaurantes y hoteles,2020,Enero,104.688
Melilla,Otros bienes y servicios ,2020,Mayo,101.052
Melilla,Otros bienes y servicios ,2020,Abril,100.773
Melilla,Otros bienes y servicios ,2020,Marzo,100.986
Melilla,Otros bienes y servicios ,2020,Febrero,101.04
Melilla,Otros bienes y servicios ,2020,Enero,100.593
